auth0|580fdceb1903de1d0440a9af
auth0|5812b95bb35745ab0ed59de2
auth0|5812b984b35745ab0ed59dea
auth0|5812b994b35745ab0ed59dee
auth0|5812b9a9b35745ab0ed59df2
auth0|5812b9e75b3d198839a7d687
auth0|5812b9fe5b3d198839a7d68a
auth0|5812ba395b3d198839a7d695
auth0|5812ba7eb35745ab0ed59e09
auth0|5812ba9c5b3d198839a7d6a0
auth0|5812bb61b35745ab0ed59e1b
auth0|5812bd8c745537b720338d52
auth0|5812bdd5745537b720338d61
auth0|5812be0a745537b720338d6d
auth0|5812be41745537b720338d78
google-oauth2|104276672729347036553
